train_reward,train_is_success,timesteps_this_iter,time_this_iter_s,done,timesteps_total,episodes_total,training_iteration,experiment_id,date,timestamp,time_total_s,pid,hostname,node_ip,time_since_restore,timesteps_since_restore,iterations_since_restore,trial_id,experiment_tag
-50.0,0.0,50,109.68714761734009,False,50,,1,471238512b9d4693b727dedc0cd225ff,2020-11-20_11-08-44,1605888524,109.68714761734009,6534,scspcxxx,10.32.116.100,109.68714761734009,50,1,67e77_00000,"0_batch_size=128,critic_tau=0.005,env_id=KinovaReach-v0,feature_dim=128,fix_goals=False,from_images=False,hidden_sizes=[512, 512, 512],lr=0.0006,num_resampled_goals=4,seed=1,eval_every=10,gradient_steps=1,num_seed_steps=1000,num_timesteps=20000,update_after=1000"
,,0,331.21509170532227,False,50,,2,471238512b9d4693b727dedc0cd225ff,2020-11-20_11-14-15,1605888855,440.90223932266235,6534,scspcxxx,10.32.116.100,440.90223932266235,50,2,67e77_00000,"0_batch_size=128,critic_tau=0.005,env_id=KinovaReach-v0,feature_dim=128,fix_goals=False,from_images=False,hidden_sizes=[512, 512, 512],lr=0.0006,num_resampled_goals=4,seed=1,eval_every=10,gradient_steps=1,num_seed_steps=1000,num_timesteps=20000,update_after=1000"
-50.0,0.0,50,89.79109239578247,False,100,,3,471238512b9d4693b727dedc0cd225ff,2020-11-20_11-15-45,1605888945,530.6933317184448,6534,scspcxxx,10.32.116.100,530.6933317184448,100,3,67e77_00000,"0_batch_size=128,critic_tau=0.005,env_id=KinovaReach-v0,feature_dim=128,fix_goals=False,from_images=False,hidden_sizes=[512, 512, 512],lr=0.0006,num_resampled_goals=4,seed=1,eval_every=10,gradient_steps=1,num_seed_steps=1000,num_timesteps=20000,update_after=1000"
-50.0,0.0,50,87.75683379173279,False,150,,4,471238512b9d4693b727dedc0cd225ff,2020-11-20_11-17-13,1605889033,618.4501655101776,6534,scspcxxx,10.32.116.100,618.4501655101776,150,4,67e77_00000,"0_batch_size=128,critic_tau=0.005,env_id=KinovaReach-v0,feature_dim=128,fix_goals=False,from_images=False,hidden_sizes=[512, 512, 512],lr=0.0006,num_resampled_goals=4,seed=1,eval_every=10,gradient_steps=1,num_seed_steps=1000,num_timesteps=20000,update_after=1000"
-15.0,1.0,16,34.302549839019775,False,166,,5,471238512b9d4693b727dedc0cd225ff,2020-11-20_11-17-47,1605889067,652.7527153491974,6534,scspcxxx,10.32.116.100,652.7527153491974,166,5,67e77_00000,"0_batch_size=128,critic_tau=0.005,env_id=KinovaReach-v0,feature_dim=128,fix_goals=False,from_images=False,hidden_sizes=[512, 512, 512],lr=0.0006,num_resampled_goals=4,seed=1,eval_every=10,gradient_steps=1,num_seed_steps=1000,num_timesteps=20000,update_after=1000"
-50.0,0.0,50,90.78204274177551,False,216,,6,471238512b9d4693b727dedc0cd225ff,2020-11-20_11-19-18,1605889158,743.5347580909729,6534,scspcxxx,10.32.116.100,743.5347580909729,216,6,67e77_00000,"0_batch_size=128,critic_tau=0.005,env_id=KinovaReach-v0,feature_dim=128,fix_goals=False,from_images=False,hidden_sizes=[512, 512, 512],lr=0.0006,num_resampled_goals=4,seed=1,eval_every=10,gradient_steps=1,num_seed_steps=1000,num_timesteps=20000,update_after=1000"
-50.0,0.0,50,87.40665078163147,False,266,,7,471238512b9d4693b727dedc0cd225ff,2020-11-20_11-20-45,1605889245,830.9414088726044,6534,scspcxxx,10.32.116.100,830.9414088726044,266,7,67e77_00000,"0_batch_size=128,critic_tau=0.005,env_id=KinovaReach-v0,feature_dim=128,fix_goals=False,from_images=False,hidden_sizes=[512, 512, 512],lr=0.0006,num_resampled_goals=4,seed=1,eval_every=10,gradient_steps=1,num_seed_steps=1000,num_timesteps=20000,update_after=1000"
-50.0,0.0,50,89.10694694519043,False,316,,8,471238512b9d4693b727dedc0cd225ff,2020-11-20_11-22-14,1605889334,920.0483558177948,6534,scspcxxx,10.32.116.100,920.0483558177948,316,8,67e77_00000,"0_batch_size=128,critic_tau=0.005,env_id=KinovaReach-v0,feature_dim=128,fix_goals=False,from_images=False,hidden_sizes=[512, 512, 512],lr=0.0006,num_resampled_goals=4,seed=1,eval_every=10,gradient_steps=1,num_seed_steps=1000,num_timesteps=20000,update_after=1000"
-50.0,0.0,50,87.95657277107239,False,366,,9,471238512b9d4693b727dedc0cd225ff,2020-11-20_11-23-42,1605889422,1008.0049285888672,6534,scspcxxx,10.32.116.100,1008.0049285888672,366,9,67e77_00000,"0_batch_size=128,critic_tau=0.005,env_id=KinovaReach-v0,feature_dim=128,fix_goals=False,from_images=False,hidden_sizes=[512, 512, 512],lr=0.0006,num_resampled_goals=4,seed=1,eval_every=10,gradient_steps=1,num_seed_steps=1000,num_timesteps=20000,update_after=1000"
-50.0,0.0,50,90.1069004535675,False,416,,10,471238512b9d4693b727dedc0cd225ff,2020-11-20_11-25-12,1605889512,1098.1118290424347,6534,scspcxxx,10.32.116.100,1098.1118290424347,416,10,67e77_00000,"0_batch_size=128,critic_tau=0.005,env_id=KinovaReach-v0,feature_dim=128,fix_goals=False,from_images=False,hidden_sizes=[512, 512, 512],lr=0.0006,num_resampled_goals=4,seed=1,eval_every=10,gradient_steps=1,num_seed_steps=1000,num_timesteps=20000,update_after=1000"
-50.0,0.0,50,88.75684428215027,False,466,,11,471238512b9d4693b727dedc0cd225ff,2020-11-20_11-26-41,1605889601,1186.868673324585,6534,scspcxxx,10.32.116.100,1186.868673324585,466,11,67e77_00000,"0_batch_size=128,critic_tau=0.005,env_id=KinovaReach-v0,feature_dim=128,fix_goals=False,from_images=False,hidden_sizes=[512, 512, 512],lr=0.0006,num_resampled_goals=4,seed=1,eval_every=10,gradient_steps=1,num_seed_steps=1000,num_timesteps=20000,update_after=1000"
-50.0,0.0,50,88.08175826072693,False,516,,12,471238512b9d4693b727dedc0cd225ff,2020-11-20_11-28-09,1605889689,1274.950431585312,6534,scspcxxx,10.32.116.100,1274.950431585312,516,12,67e77_00000,"0_batch_size=128,critic_tau=0.005,env_id=KinovaReach-v0,feature_dim=128,fix_goals=False,from_images=False,hidden_sizes=[512, 512, 512],lr=0.0006,num_resampled_goals=4,seed=1,eval_every=10,gradient_steps=1,num_seed_steps=1000,num_timesteps=20000,update_after=1000"
,,0,331.11449933052063,False,516,,13,471238512b9d4693b727dedc0cd225ff,2020-11-20_11-33-40,1605890020,1606.0649309158325,6534,scspcxxx,10.32.116.100,1606.0649309158325,516,13,67e77_00000,"0_batch_size=128,critic_tau=0.005,env_id=KinovaReach-v0,feature_dim=128,fix_goals=False,from_images=False,hidden_sizes=[512, 512, 512],lr=0.0006,num_resampled_goals=4,seed=1,eval_every=10,gradient_steps=1,num_seed_steps=1000,num_timesteps=20000,update_after=1000"
-25.0,1.0,26,51.61506724357605,False,542,,14,471238512b9d4693b727dedc0cd225ff,2020-11-20_11-34-32,1605890072,1657.6799981594086,6534,scspcxxx,10.32.116.100,1657.6799981594086,542,14,67e77_00000,"0_batch_size=128,critic_tau=0.005,env_id=KinovaReach-v0,feature_dim=128,fix_goals=False,from_images=False,hidden_sizes=[512, 512, 512],lr=0.0006,num_resampled_goals=4,seed=1,eval_every=10,gradient_steps=1,num_seed_steps=1000,num_timesteps=20000,update_after=1000"
-3.0,1.0,4,18.026357650756836,False,546,,15,471238512b9d4693b727dedc0cd225ff,2020-11-20_11-34-50,1605890090,1675.7063558101654,6534,scspcxxx,10.32.116.100,1675.7063558101654,546,15,67e77_00000,"0_batch_size=128,critic_tau=0.005,env_id=KinovaReach-v0,feature_dim=128,fix_goals=False,from_images=False,hidden_sizes=[512, 512, 512],lr=0.0006,num_resampled_goals=4,seed=1,eval_every=10,gradient_steps=1,num_seed_steps=1000,num_timesteps=20000,update_after=1000"
-50.0,0.0,50,88.88202929496765,False,596,,16,471238512b9d4693b727dedc0cd225ff,2020-11-20_11-36-19,1605890179,1764.588385105133,6534,scspcxxx,10.32.116.100,1764.588385105133,596,16,67e77_00000,"0_batch_size=128,critic_tau=0.005,env_id=KinovaReach-v0,feature_dim=128,fix_goals=False,from_images=False,hidden_sizes=[512, 512, 512],lr=0.0006,num_resampled_goals=4,seed=1,eval_every=10,gradient_steps=1,num_seed_steps=1000,num_timesteps=20000,update_after=1000"
-7.0,1.0,8,22.52673649787903,False,604,,17,471238512b9d4693b727dedc0cd225ff,2020-11-20_11-36-41,1605890201,1787.115121603012,6534,scspcxxx,10.32.116.100,1787.115121603012,604,17,67e77_00000,"0_batch_size=128,critic_tau=0.005,env_id=KinovaReach-v0,feature_dim=128,fix_goals=False,from_images=False,hidden_sizes=[512, 512, 512],lr=0.0006,num_resampled_goals=4,seed=1,eval_every=10,gradient_steps=1,num_seed_steps=1000,num_timesteps=20000,update_after=1000"
-50.0,0.0,50,89.53204369544983,False,654,,18,471238512b9d4693b727dedc0cd225ff,2020-11-20_11-38-11,1605890291,1876.647165298462,6534,scspcxxx,10.32.116.100,1876.647165298462,654,18,67e77_00000,"0_batch_size=128,critic_tau=0.005,env_id=KinovaReach-v0,feature_dim=128,fix_goals=False,from_images=False,hidden_sizes=[512, 512, 512],lr=0.0006,num_resampled_goals=4,seed=1,eval_every=10,gradient_steps=1,num_seed_steps=1000,num_timesteps=20000,update_after=1000"
-50.0,0.0,50,88.7569808959961,False,704,,19,471238512b9d4693b727dedc0cd225ff,2020-11-20_11-39-39,1605890379,1965.404146194458,6534,scspcxxx,10.32.116.100,1965.404146194458,704,19,67e77_00000,"0_batch_size=128,critic_tau=0.005,env_id=KinovaReach-v0,feature_dim=128,fix_goals=False,from_images=False,hidden_sizes=[512, 512, 512],lr=0.0006,num_resampled_goals=4,seed=1,eval_every=10,gradient_steps=1,num_seed_steps=1000,num_timesteps=20000,update_after=1000"
-50.0,0.0,50,89.53199529647827,False,754,,20,471238512b9d4693b727dedc0cd225ff,2020-11-20_11-41-09,1605890469,2054.9361414909363,6534,scspcxxx,10.32.116.100,2054.9361414909363,754,20,67e77_00000,"0_batch_size=128,critic_tau=0.005,env_id=KinovaReach-v0,feature_dim=128,fix_goals=False,from_images=False,hidden_sizes=[512, 512, 512],lr=0.0006,num_resampled_goals=4,seed=1,eval_every=10,gradient_steps=1,num_seed_steps=1000,num_timesteps=20000,update_after=1000"
-50.0,0.0,50,86.48171925544739,False,804,,21,471238512b9d4693b727dedc0cd225ff,2020-11-20_11-42-35,1605890555,2141.4178607463837,6534,scspcxxx,10.32.116.100,2141.4178607463837,804,21,67e77_00000,"0_batch_size=128,critic_tau=0.005,env_id=KinovaReach-v0,feature_dim=128,fix_goals=False,from_images=False,hidden_sizes=[512, 512, 512],lr=0.0006,num_resampled_goals=4,seed=1,eval_every=10,gradient_steps=1,num_seed_steps=1000,num_timesteps=20000,update_after=1000"
-50.0,0.0,50,89.75688552856445,False,854,,22,471238512b9d4693b727dedc0cd225ff,2020-11-20_11-44-05,1605890645,2231.174746274948,6534,scspcxxx,10.32.116.100,2231.174746274948,854,22,67e77_00000,"0_batch_size=128,critic_tau=0.005,env_id=KinovaReach-v0,feature_dim=128,fix_goals=False,from_images=False,hidden_sizes=[512, 512, 512],lr=0.0006,num_resampled_goals=4,seed=1,eval_every=10,gradient_steps=1,num_seed_steps=1000,num_timesteps=20000,update_after=1000"
-5.0,1.0,6,18.851423978805542,False,860,,23,471238512b9d4693b727dedc0cd225ff,2020-11-20_11-44-24,1605890664,2250.0261702537537,6534,scspcxxx,10.32.116.100,2250.0261702537537,860,23,67e77_00000,"0_batch_size=128,critic_tau=0.005,env_id=KinovaReach-v0,feature_dim=128,fix_goals=False,from_images=False,hidden_sizes=[512, 512, 512],lr=0.0006,num_resampled_goals=4,seed=1,eval_every=10,gradient_steps=1,num_seed_steps=1000,num_timesteps=20000,update_after=1000"
,,0,334.3989145755768,False,860,,24,471238512b9d4693b727dedc0cd225ff,2020-11-20_11-49-58,1605890998,2584.4250848293304,6534,scspcxxx,10.32.116.100,2584.4250848293304,860,24,67e77_00000,"0_batch_size=128,critic_tau=0.005,env_id=KinovaReach-v0,feature_dim=128,fix_goals=False,from_images=False,hidden_sizes=[512, 512, 512],lr=0.0006,num_resampled_goals=4,seed=1,eval_every=10,gradient_steps=1,num_seed_steps=1000,num_timesteps=20000,update_after=1000"
-50.0,0.0,50,89.68449187278748,False,910,,25,471238512b9d4693b727dedc0cd225ff,2020-11-20_11-51-28,1605891088,2674.109576702118,6534,scspcxxx,10.32.116.100,2674.109576702118,910,25,67e77_00000,"0_batch_size=128,critic_tau=0.005,env_id=KinovaReach-v0,feature_dim=128,fix_goals=False,from_images=False,hidden_sizes=[512, 512, 512],lr=0.0006,num_resampled_goals=4,seed=1,eval_every=10,gradient_steps=1,num_seed_steps=1000,num_timesteps=20000,update_after=1000"
-50.0,0.0,50,88.75705695152283,False,960,,26,471238512b9d4693b727dedc0cd225ff,2020-11-20_11-52-57,1605891177,2762.8666336536407,6534,scspcxxx,10.32.116.100,2762.8666336536407,960,26,67e77_00000,"0_batch_size=128,critic_tau=0.005,env_id=KinovaReach-v0,feature_dim=128,fix_goals=False,from_images=False,hidden_sizes=[512, 512, 512],lr=0.0006,num_resampled_goals=4,seed=1,eval_every=10,gradient_steps=1,num_seed_steps=1000,num_timesteps=20000,update_after=1000"
-50.0,0.0,50,88.38192963600159,False,1010,,27,471238512b9d4693b727dedc0cd225ff,2020-11-20_11-54-25,1605891265,2851.2485632896423,6534,scspcxxx,10.32.116.100,2851.2485632896423,1010,27,67e77_00000,"0_batch_size=128,critic_tau=0.005,env_id=KinovaReach-v0,feature_dim=128,fix_goals=False,from_images=False,hidden_sizes=[512, 512, 512],lr=0.0006,num_resampled_goals=4,seed=1,eval_every=10,gradient_steps=1,num_seed_steps=1000,num_timesteps=20000,update_after=1000"
-50.0,0.0,50,86.18630766868591,False,1060,,28,471238512b9d4693b727dedc0cd225ff,2020-11-20_11-55-52,1605891352,2937.4348709583282,6534,scspcxxx,10.32.116.100,2937.4348709583282,1060,28,67e77_00000,"0_batch_size=128,critic_tau=0.005,env_id=KinovaReach-v0,feature_dim=128,fix_goals=False,from_images=False,hidden_sizes=[512, 512, 512],lr=0.0006,num_resampled_goals=4,seed=1,eval_every=10,gradient_steps=1,num_seed_steps=1000,num_timesteps=20000,update_after=1000"
-50.0,0.0,50,87.7052698135376,False,1110,,29,471238512b9d4693b727dedc0cd225ff,2020-11-20_11-57-19,1605891439,3025.140140771866,6534,scspcxxx,10.32.116.100,3025.140140771866,1110,29,67e77_00000,"0_batch_size=128,critic_tau=0.005,env_id=KinovaReach-v0,feature_dim=128,fix_goals=False,from_images=False,hidden_sizes=[512, 512, 512],lr=0.0006,num_resampled_goals=4,seed=1,eval_every=10,gradient_steps=1,num_seed_steps=1000,num_timesteps=20000,update_after=1000"
-37.0,1.0,38,71.22603249549866,False,1148,,30,471238512b9d4693b727dedc0cd225ff,2020-11-20_11-58-30,1605891510,3096.3661732673645,6534,scspcxxx,10.32.116.100,3096.3661732673645,1148,30,67e77_00000,"0_batch_size=128,critic_tau=0.005,env_id=KinovaReach-v0,feature_dim=128,fix_goals=False,from_images=False,hidden_sizes=[512, 512, 512],lr=0.0006,num_resampled_goals=4,seed=1,eval_every=10,gradient_steps=1,num_seed_steps=1000,num_timesteps=20000,update_after=1000"
-50.0,0.0,50,89.95837473869324,False,1198,,31,471238512b9d4693b727dedc0cd225ff,2020-11-20_12-00-00,1605891600,3186.3245480060577,6534,scspcxxx,10.32.116.100,3186.3245480060577,1198,31,67e77_00000,"0_batch_size=128,critic_tau=0.005,env_id=KinovaReach-v0,feature_dim=128,fix_goals=False,from_images=False,hidden_sizes=[512, 512, 512],lr=0.0006,num_resampled_goals=4,seed=1,eval_every=10,gradient_steps=1,num_seed_steps=1000,num_timesteps=20000,update_after=1000"
-2.0,1.0,3,13.924381017684937,False,1201,,32,471238512b9d4693b727dedc0cd225ff,2020-11-20_12-00-14,1605891614,3200.2489290237427,6534,scspcxxx,10.32.116.100,3200.2489290237427,1201,32,67e77_00000,"0_batch_size=128,critic_tau=0.005,env_id=KinovaReach-v0,feature_dim=128,fix_goals=False,from_images=False,hidden_sizes=[512, 512, 512],lr=0.0006,num_resampled_goals=4,seed=1,eval_every=10,gradient_steps=1,num_seed_steps=1000,num_timesteps=20000,update_after=1000"
-7.0,1.0,8,23.177422523498535,False,1209,,33,471238512b9d4693b727dedc0cd225ff,2020-11-20_12-00-37,1605891637,3223.426351547241,6534,scspcxxx,10.32.116.100,3223.426351547241,1209,33,67e77_00000,"0_batch_size=128,critic_tau=0.005,env_id=KinovaReach-v0,feature_dim=128,fix_goals=False,from_images=False,hidden_sizes=[512, 512, 512],lr=0.0006,num_resampled_goals=4,seed=1,eval_every=10,gradient_steps=1,num_seed_steps=1000,num_timesteps=20000,update_after=1000"
-50.0,0.0,50,87.90613794326782,False,1259,,34,471238512b9d4693b727dedc0cd225ff,2020-11-20_12-02-05,1605891725,3311.332489490509,6534,scspcxxx,10.32.116.100,3311.332489490509,1259,34,67e77_00000,"0_batch_size=128,critic_tau=0.005,env_id=KinovaReach-v0,feature_dim=128,fix_goals=False,from_images=False,hidden_sizes=[512, 512, 512],lr=0.0006,num_resampled_goals=4,seed=1,eval_every=10,gradient_steps=1,num_seed_steps=1000,num_timesteps=20000,update_after=1000"
,,0,256.8767817020416,False,1259,,35,471238512b9d4693b727dedc0cd225ff,2020-11-20_12-06-22,1605891982,3568.2092711925507,6534,scspcxxx,10.32.116.100,3568.2092711925507,1259,35,67e77_00000,"0_batch_size=128,critic_tau=0.005,env_id=KinovaReach-v0,feature_dim=128,fix_goals=False,from_images=False,hidden_sizes=[512, 512, 512],lr=0.0006,num_resampled_goals=4,seed=1,eval_every=10,gradient_steps=1,num_seed_steps=1000,num_timesteps=20000,update_after=1000"
-50.0,0.0,50,87.29902935028076,False,1309,,36,471238512b9d4693b727dedc0cd225ff,2020-11-20_12-07-50,1605892070,3655.5083005428314,6534,scspcxxx,10.32.116.100,3655.5083005428314,1309,36,67e77_00000,"0_batch_size=128,critic_tau=0.005,env_id=KinovaReach-v0,feature_dim=128,fix_goals=False,from_images=False,hidden_sizes=[512, 512, 512],lr=0.0006,num_resampled_goals=4,seed=1,eval_every=10,gradient_steps=1,num_seed_steps=1000,num_timesteps=20000,update_after=1000"
-50.0,0.0,50,87.28162884712219,False,1359,,37,471238512b9d4693b727dedc0cd225ff,2020-11-20_12-09-17,1605892157,3742.7899293899536,6534,scspcxxx,10.32.116.100,3742.7899293899536,1359,37,67e77_00000,"0_batch_size=128,critic_tau=0.005,env_id=KinovaReach-v0,feature_dim=128,fix_goals=False,from_images=False,hidden_sizes=[512, 512, 512],lr=0.0006,num_resampled_goals=4,seed=1,eval_every=10,gradient_steps=1,num_seed_steps=1000,num_timesteps=20000,update_after=1000"
-50.0,0.0,50,86.52913427352905,False,1409,,38,471238512b9d4693b727dedc0cd225ff,2020-11-20_12-10-43,1605892243,3829.3190636634827,6534,scspcxxx,10.32.116.100,3829.3190636634827,1409,38,67e77_00000,"0_batch_size=128,critic_tau=0.005,env_id=KinovaReach-v0,feature_dim=128,fix_goals=False,from_images=False,hidden_sizes=[512, 512, 512],lr=0.0006,num_resampled_goals=4,seed=1,eval_every=10,gradient_steps=1,num_seed_steps=1000,num_timesteps=20000,update_after=1000"
-50.0,0.0,50,90.51014161109924,False,1459,,39,471238512b9d4693b727dedc0cd225ff,2020-11-20_12-12-14,1605892334,3919.829205274582,6534,scspcxxx,10.32.116.100,3919.829205274582,1459,39,67e77_00000,"0_batch_size=128,critic_tau=0.005,env_id=KinovaReach-v0,feature_dim=128,fix_goals=False,from_images=False,hidden_sizes=[512, 512, 512],lr=0.0006,num_resampled_goals=4,seed=1,eval_every=10,gradient_steps=1,num_seed_steps=1000,num_timesteps=20000,update_after=1000"
-50.0,0.0,50,88.054514169693,False,1509,,40,471238512b9d4693b727dedc0cd225ff,2020-11-20_12-13-42,1605892422,4007.883719444275,6534,scspcxxx,10.32.116.100,4007.883719444275,1509,40,67e77_00000,"0_batch_size=128,critic_tau=0.005,env_id=KinovaReach-v0,feature_dim=128,fix_goals=False,from_images=False,hidden_sizes=[512, 512, 512],lr=0.0006,num_resampled_goals=4,seed=1,eval_every=10,gradient_steps=1,num_seed_steps=1000,num_timesteps=20000,update_after=1000"
-50.0,0.0,50,90.78819680213928,False,1559,,41,471238512b9d4693b727dedc0cd225ff,2020-11-20_12-15-13,1605892513,4098.671916246414,6534,scspcxxx,10.32.116.100,4098.671916246414,1559,41,67e77_00000,"0_batch_size=128,critic_tau=0.005,env_id=KinovaReach-v0,feature_dim=128,fix_goals=False,from_images=False,hidden_sizes=[512, 512, 512],lr=0.0006,num_resampled_goals=4,seed=1,eval_every=10,gradient_steps=1,num_seed_steps=1000,num_timesteps=20000,update_after=1000"
-50.0,0.0,50,87.95745992660522,False,1609,,42,471238512b9d4693b727dedc0cd225ff,2020-11-20_12-16-41,1605892601,4186.629376173019,6534,scspcxxx,10.32.116.100,4186.629376173019,1609,42,67e77_00000,"0_batch_size=128,critic_tau=0.005,env_id=KinovaReach-v0,feature_dim=128,fix_goals=False,from_images=False,hidden_sizes=[512, 512, 512],lr=0.0006,num_resampled_goals=4,seed=1,eval_every=10,gradient_steps=1,num_seed_steps=1000,num_timesteps=20000,update_after=1000"
-50.0,0.0,50,88.51428437232971,False,1659,,43,471238512b9d4693b727dedc0cd225ff,2020-11-20_12-18-09,1605892689,4275.143660545349,6534,scspcxxx,10.32.116.100,4275.143660545349,1659,43,67e77_00000,"0_batch_size=128,critic_tau=0.005,env_id=KinovaReach-v0,feature_dim=128,fix_goals=False,from_images=False,hidden_sizes=[512, 512, 512],lr=0.0006,num_resampled_goals=4,seed=1,eval_every=10,gradient_steps=1,num_seed_steps=1000,num_timesteps=20000,update_after=1000"
-50.0,0.0,50,90.43525815010071,False,1709,,44,471238512b9d4693b727dedc0cd225ff,2020-11-20_12-19-40,1605892780,4365.57891869545,6534,scspcxxx,10.32.116.100,4365.57891869545,1709,44,67e77_00000,"0_batch_size=128,critic_tau=0.005,env_id=KinovaReach-v0,feature_dim=128,fix_goals=False,from_images=False,hidden_sizes=[512, 512, 512],lr=0.0006,num_resampled_goals=4,seed=1,eval_every=10,gradient_steps=1,num_seed_steps=1000,num_timesteps=20000,update_after=1000"
-50.0,0.0,50,90.96172761917114,False,1759,,45,471238512b9d4693b727dedc0cd225ff,2020-11-20_12-21-11,1605892871,4456.540646314621,6534,scspcxxx,10.32.116.100,4456.540646314621,1759,45,67e77_00000,"0_batch_size=128,critic_tau=0.005,env_id=KinovaReach-v0,feature_dim=128,fix_goals=False,from_images=False,hidden_sizes=[512, 512, 512],lr=0.0006,num_resampled_goals=4,seed=1,eval_every=10,gradient_steps=1,num_seed_steps=1000,num_timesteps=20000,update_after=1000"
,,0,295.6388716697693,False,1759,,46,471238512b9d4693b727dedc0cd225ff,2020-11-20_12-26-06,1605893166,4752.17951798439,6534,scspcxxx,10.32.116.100,4752.17951798439,1759,46,67e77_00000,"0_batch_size=128,critic_tau=0.005,env_id=KinovaReach-v0,feature_dim=128,fix_goals=False,from_images=False,hidden_sizes=[512, 512, 512],lr=0.0006,num_resampled_goals=4,seed=1,eval_every=10,gradient_steps=1,num_seed_steps=1000,num_timesteps=20000,update_after=1000"
-4.0,1.0,5,18.755162239074707,False,1764,,47,471238512b9d4693b727dedc0cd225ff,2020-11-20_12-26-25,1605893185,4770.934680223465,6534,scspcxxx,10.32.116.100,4770.934680223465,1764,47,67e77_00000,"0_batch_size=128,critic_tau=0.005,env_id=KinovaReach-v0,feature_dim=128,fix_goals=False,from_images=False,hidden_sizes=[512, 512, 512],lr=0.0006,num_resampled_goals=4,seed=1,eval_every=10,gradient_steps=1,num_seed_steps=1000,num_timesteps=20000,update_after=1000"
-50.0,0.0,50,91.93361234664917,False,1814,,48,471238512b9d4693b727dedc0cd225ff,2020-11-20_12-27-57,1605893277,4862.868292570114,6534,scspcxxx,10.32.116.100,4862.868292570114,1814,48,67e77_00000,"0_batch_size=128,critic_tau=0.005,env_id=KinovaReach-v0,feature_dim=128,fix_goals=False,from_images=False,hidden_sizes=[512, 512, 512],lr=0.0006,num_resampled_goals=4,seed=1,eval_every=10,gradient_steps=1,num_seed_steps=1000,num_timesteps=20000,update_after=1000"
-50.0,0.0,50,90.92774224281311,False,1864,,49,471238512b9d4693b727dedc0cd225ff,2020-11-20_12-29-28,1605893368,4953.796034812927,6534,scspcxxx,10.32.116.100,4953.796034812927,1864,49,67e77_00000,"0_batch_size=128,critic_tau=0.005,env_id=KinovaReach-v0,feature_dim=128,fix_goals=False,from_images=False,hidden_sizes=[512, 512, 512],lr=0.0006,num_resampled_goals=4,seed=1,eval_every=10,gradient_steps=1,num_seed_steps=1000,num_timesteps=20000,update_after=1000"
-50.0,0.0,50,90.85730481147766,False,1914,,50,471238512b9d4693b727dedc0cd225ff,2020-11-20_12-30-59,1605893459,5044.653339624405,6534,scspcxxx,10.32.116.100,5044.653339624405,1914,50,67e77_00000,"0_batch_size=128,critic_tau=0.005,env_id=KinovaReach-v0,feature_dim=128,fix_goals=False,from_images=False,hidden_sizes=[512, 512, 512],lr=0.0006,num_resampled_goals=4,seed=1,eval_every=10,gradient_steps=1,num_seed_steps=1000,num_timesteps=20000,update_after=1000"
-50.0,0.0,50,91.08567476272583,False,1964,,51,471238512b9d4693b727dedc0cd225ff,2020-11-20_12-32-30,1605893550,5135.739014387131,6534,scspcxxx,10.32.116.100,5135.739014387131,1964,51,67e77_00000,"0_batch_size=128,critic_tau=0.005,env_id=KinovaReach-v0,feature_dim=128,fix_goals=False,from_images=False,hidden_sizes=[512, 512, 512],lr=0.0006,num_resampled_goals=4,seed=1,eval_every=10,gradient_steps=1,num_seed_steps=1000,num_timesteps=20000,update_after=1000"
-6.0,1.0,7,22.45020842552185,False,1971,,52,471238512b9d4693b727dedc0cd225ff,2020-11-20_12-32-52,1605893572,5158.189222812653,6534,scspcxxx,10.32.116.100,5158.189222812653,1971,52,67e77_00000,"0_batch_size=128,critic_tau=0.005,env_id=KinovaReach-v0,feature_dim=128,fix_goals=False,from_images=False,hidden_sizes=[512, 512, 512],lr=0.0006,num_resampled_goals=4,seed=1,eval_every=10,gradient_steps=1,num_seed_steps=1000,num_timesteps=20000,update_after=1000"
-50.0,0.0,50,89.18103051185608,False,2021,,53,471238512b9d4693b727dedc0cd225ff,2020-11-20_12-34-21,1605893661,5247.370253324509,6534,scspcxxx,10.32.116.100,5247.370253324509,2021,53,67e77_00000,"0_batch_size=128,critic_tau=0.005,env_id=KinovaReach-v0,feature_dim=128,fix_goals=False,from_images=False,hidden_sizes=[512, 512, 512],lr=0.0006,num_resampled_goals=4,seed=1,eval_every=10,gradient_steps=1,num_seed_steps=1000,num_timesteps=20000,update_after=1000"
-5.0,1.0,6,21.101638555526733,False,2027,,54,471238512b9d4693b727dedc0cd225ff,2020-11-20_12-34-43,1605893683,5268.471891880035,6534,scspcxxx,10.32.116.100,5268.471891880035,2027,54,67e77_00000,"0_batch_size=128,critic_tau=0.005,env_id=KinovaReach-v0,feature_dim=128,fix_goals=False,from_images=False,hidden_sizes=[512, 512, 512],lr=0.0006,num_resampled_goals=4,seed=1,eval_every=10,gradient_steps=1,num_seed_steps=1000,num_timesteps=20000,update_after=1000"
-1.0,1.0,2,13.050592422485352,False,2029,,55,471238512b9d4693b727dedc0cd225ff,2020-11-20_12-34-56,1605893696,5281.522484302521,6534,scspcxxx,10.32.116.100,5281.522484302521,2029,55,67e77_00000,"0_batch_size=128,critic_tau=0.005,env_id=KinovaReach-v0,feature_dim=128,fix_goals=False,from_images=False,hidden_sizes=[512, 512, 512],lr=0.0006,num_resampled_goals=4,seed=1,eval_every=10,gradient_steps=1,num_seed_steps=1000,num_timesteps=20000,update_after=1000"
-2.0,1.0,3,13.077231168746948,False,2032,,56,471238512b9d4693b727dedc0cd225ff,2020-11-20_12-35-09,1605893709,5294.599715471268,6534,scspcxxx,10.32.116.100,5294.599715471268,2032,56,67e77_00000,"0_batch_size=128,critic_tau=0.005,env_id=KinovaReach-v0,feature_dim=128,fix_goals=False,from_images=False,hidden_sizes=[512, 512, 512],lr=0.0006,num_resampled_goals=4,seed=1,eval_every=10,gradient_steps=1,num_seed_steps=1000,num_timesteps=20000,update_after=1000"
,,0,362.3172240257263,False,2032,,57,471238512b9d4693b727dedc0cd225ff,2020-11-20_12-41-11,1605894071,5656.916939496994,6534,scspcxxx,10.32.116.100,5656.916939496994,2032,57,67e77_00000,"0_batch_size=128,critic_tau=0.005,env_id=KinovaReach-v0,feature_dim=128,fix_goals=False,from_images=False,hidden_sizes=[512, 512, 512],lr=0.0006,num_resampled_goals=4,seed=1,eval_every=10,gradient_steps=1,num_seed_steps=1000,num_timesteps=20000,update_after=1000"
-50.0,0.0,50,90.11836075782776,False,2082,,58,471238512b9d4693b727dedc0cd225ff,2020-11-20_12-42-41,1605894161,5747.035300254822,6534,scspcxxx,10.32.116.100,5747.035300254822,2082,58,67e77_00000,"0_batch_size=128,critic_tau=0.005,env_id=KinovaReach-v0,feature_dim=128,fix_goals=False,from_images=False,hidden_sizes=[512, 512, 512],lr=0.0006,num_resampled_goals=4,seed=1,eval_every=10,gradient_steps=1,num_seed_steps=1000,num_timesteps=20000,update_after=1000"
-50.0,0.0,50,90.20693159103394,False,2132,,59,471238512b9d4693b727dedc0cd225ff,2020-11-20_12-44-11,1605894251,5837.242231845856,6534,scspcxxx,10.32.116.100,5837.242231845856,2132,59,67e77_00000,"0_batch_size=128,critic_tau=0.005,env_id=KinovaReach-v0,feature_dim=128,fix_goals=False,from_images=False,hidden_sizes=[512, 512, 512],lr=0.0006,num_resampled_goals=4,seed=1,eval_every=10,gradient_steps=1,num_seed_steps=1000,num_timesteps=20000,update_after=1000"
-50.0,0.0,50,88.48315715789795,False,2182,,60,471238512b9d4693b727dedc0cd225ff,2020-11-20_12-45-40,1605894340,5925.725389003754,6534,scspcxxx,10.32.116.100,5925.725389003754,2182,60,67e77_00000,"0_batch_size=128,critic_tau=0.005,env_id=KinovaReach-v0,feature_dim=128,fix_goals=False,from_images=False,hidden_sizes=[512, 512, 512],lr=0.0006,num_resampled_goals=4,seed=1,eval_every=10,gradient_steps=1,num_seed_steps=1000,num_timesteps=20000,update_after=1000"
-50.0,0.0,50,92.50894451141357,False,2232,,61,471238512b9d4693b727dedc0cd225ff,2020-11-20_12-47-12,1605894432,6018.234333515167,6534,scspcxxx,10.32.116.100,6018.234333515167,2232,61,67e77_00000,"0_batch_size=128,critic_tau=0.005,env_id=KinovaReach-v0,feature_dim=128,fix_goals=False,from_images=False,hidden_sizes=[512, 512, 512],lr=0.0006,num_resampled_goals=4,seed=1,eval_every=10,gradient_steps=1,num_seed_steps=1000,num_timesteps=20000,update_after=1000"
-50.0,0.0,50,84.83091855049133,False,2282,,62,471238512b9d4693b727dedc0cd225ff,2020-11-20_12-48-37,1605894517,6103.065252065659,6534,scspcxxx,10.32.116.100,6103.065252065659,2282,62,67e77_00000,"0_batch_size=128,critic_tau=0.005,env_id=KinovaReach-v0,feature_dim=128,fix_goals=False,from_images=False,hidden_sizes=[512, 512, 512],lr=0.0006,num_resampled_goals=4,seed=1,eval_every=10,gradient_steps=1,num_seed_steps=1000,num_timesteps=20000,update_after=1000"
-50.0,0.0,50,82.36045265197754,False,2332,,63,471238512b9d4693b727dedc0cd225ff,2020-11-20_12-49-59,1605894599,6185.425704717636,6534,scspcxxx,10.32.116.100,6185.425704717636,2332,63,67e77_00000,"0_batch_size=128,critic_tau=0.005,env_id=KinovaReach-v0,feature_dim=128,fix_goals=False,from_images=False,hidden_sizes=[512, 512, 512],lr=0.0006,num_resampled_goals=4,seed=1,eval_every=10,gradient_steps=1,num_seed_steps=1000,num_timesteps=20000,update_after=1000"
-50.0,0.0,50,81.43253350257874,False,2382,,64,471238512b9d4693b727dedc0cd225ff,2020-11-20_12-51-21,1605894681,6266.858238220215,6534,scspcxxx,10.32.116.100,6266.858238220215,2382,64,67e77_00000,"0_batch_size=128,critic_tau=0.005,env_id=KinovaReach-v0,feature_dim=128,fix_goals=False,from_images=False,hidden_sizes=[512, 512, 512],lr=0.0006,num_resampled_goals=4,seed=1,eval_every=10,gradient_steps=1,num_seed_steps=1000,num_timesteps=20000,update_after=1000"
-50.0,0.0,50,80.87648892402649,False,2432,,65,471238512b9d4693b727dedc0cd225ff,2020-11-20_12-52-42,1605894762,6347.734727144241,6534,scspcxxx,10.32.116.100,6347.734727144241,2432,65,67e77_00000,"0_batch_size=128,critic_tau=0.005,env_id=KinovaReach-v0,feature_dim=128,fix_goals=False,from_images=False,hidden_sizes=[512, 512, 512],lr=0.0006,num_resampled_goals=4,seed=1,eval_every=10,gradient_steps=1,num_seed_steps=1000,num_timesteps=20000,update_after=1000"
-50.0,0.0,50,84.03583002090454,False,2482,,66,471238512b9d4693b727dedc0cd225ff,2020-11-20_12-54-06,1605894846,6431.770557165146,6534,scspcxxx,10.32.116.100,6431.770557165146,2482,66,67e77_00000,"0_batch_size=128,critic_tau=0.005,env_id=KinovaReach-v0,feature_dim=128,fix_goals=False,from_images=False,hidden_sizes=[512, 512, 512],lr=0.0006,num_resampled_goals=4,seed=1,eval_every=10,gradient_steps=1,num_seed_steps=1000,num_timesteps=20000,update_after=1000"
-50.0,0.0,50,79.70756793022156,False,2532,,67,471238512b9d4693b727dedc0cd225ff,2020-11-20_12-55-26,1605894926,6511.478125095367,6534,scspcxxx,10.32.116.100,6511.478125095367,2532,67,67e77_00000,"0_batch_size=128,critic_tau=0.005,env_id=KinovaReach-v0,feature_dim=128,fix_goals=False,from_images=False,hidden_sizes=[512, 512, 512],lr=0.0006,num_resampled_goals=4,seed=1,eval_every=10,gradient_steps=1,num_seed_steps=1000,num_timesteps=20000,update_after=1000"
,,0,410.045175075531,False,2532,,68,471238512b9d4693b727dedc0cd225ff,2020-11-20_13-02-16,1605895336,6921.523300170898,6534,scspcxxx,10.32.116.100,6921.523300170898,2532,68,67e77_00000,"0_batch_size=128,critic_tau=0.005,env_id=KinovaReach-v0,feature_dim=128,fix_goals=False,from_images=False,hidden_sizes=[512, 512, 512],lr=0.0006,num_resampled_goals=4,seed=1,eval_every=10,gradient_steps=1,num_seed_steps=1000,num_timesteps=20000,update_after=1000"
-50.0,0.0,50,77.45015215873718,False,2582,,69,471238512b9d4693b727dedc0cd225ff,2020-11-20_13-03-33,1605895413,6998.973452329636,6534,scspcxxx,10.32.116.100,6998.973452329636,2582,69,67e77_00000,"0_batch_size=128,critic_tau=0.005,env_id=KinovaReach-v0,feature_dim=128,fix_goals=False,from_images=False,hidden_sizes=[512, 512, 512],lr=0.0006,num_resampled_goals=4,seed=1,eval_every=10,gradient_steps=1,num_seed_steps=1000,num_timesteps=20000,update_after=1000"
-50.0,0.0,50,80.39060521125793,False,2632,,70,471238512b9d4693b727dedc0cd225ff,2020-11-20_13-04-53,1605895493,7079.364057540894,6534,scspcxxx,10.32.116.100,7079.364057540894,2632,70,67e77_00000,"0_batch_size=128,critic_tau=0.005,env_id=KinovaReach-v0,feature_dim=128,fix_goals=False,from_images=False,hidden_sizes=[512, 512, 512],lr=0.0006,num_resampled_goals=4,seed=1,eval_every=10,gradient_steps=1,num_seed_steps=1000,num_timesteps=20000,update_after=1000"
-50.0,0.0,50,82.29709339141846,False,2682,,71,471238512b9d4693b727dedc0cd225ff,2020-11-20_13-06-16,1605895576,7161.661150932312,6534,scspcxxx,10.32.116.100,7161.661150932312,2682,71,67e77_00000,"0_batch_size=128,critic_tau=0.005,env_id=KinovaReach-v0,feature_dim=128,fix_goals=False,from_images=False,hidden_sizes=[512, 512, 512],lr=0.0006,num_resampled_goals=4,seed=1,eval_every=10,gradient_steps=1,num_seed_steps=1000,num_timesteps=20000,update_after=1000"
